{
  "project_info": {
    "project_number": "827634441945",
    "firebase_url": "https://quiqle-12497.firebaseio.com",
    "project_id": "quiqle-12497",
    "storage_bucket": "quiqle-12497.appspot.com"
  },
  "client": [
    {
      "client_info": {
        "mobilesdk_app_id": "1:827634441945:android:2ae8313ea849d10221e8c8",
        "android_client_info": {
          "package_name": "com.quiqle.students"
        }
      },
      "oauth_client": [
        {
          "client_id": "827634441945-4bvr6oj3c22ema9n6mdmm80smengcm4e.apps.googleusercontent.com",
          "client_type": 1,
          "android_info": {
            "package_name": "com.quiqle.students",
            "certificate_hash": "b8d4cbc21b9ef76a8278577224df108455a211c3"
          }
        },
        {
          "client_id": "827634441945-vmperbg34kb70vdfqi8o2ju8a1g3brv5.apps.googleusercontent.com",
          "client_type": 3
        }
      ],
      "api_key": [
        {
          "current_key": "AIzaSyBNkR8bDomeRTVkV55V_GGhypiVOAdmuLQ"
        }
      ],
      "services": {
        "appinvite_service": {
          "other_platform_oauth_client": [
            {
              "client_id": "827634441945-vmperbg34kb70vdfqi8o2ju8a1g3brv5.apps.googleusercontent.com",
              "client_type": 3
            }
          ]
        }
      }
    }
  ],
  "configuration_version": "1"
}